Number,Type,Nature/AI,Source,Premise,Hypothesis,Res
1,positive,Nature,刘震云/一句顶一万句,牛爱国忘记了庞丽娜出事，似乎还是两人在一起的时候，牛爱国喊：“快来。迟了就来不及了。”庞丽娜从人群中往他身边挤。待挤到跟前，却不是庞丽娜，而是沁源县城西街“东亚婚纱摄影城”的小蒋。,"A.牛爱国知道庞丽娜出事。
B.庞丽娜在路上出车祸了。
C.牛爱国看到了庞丽娜。
D.庞丽娜还和牛爱国在一起。",A
2,positive,Nature,浩然/夏青苗求师,晌午，他们赶到大平台打盘。他们把羊圈在一个阴凉的角落，羊儿叫唤着，老老实实地卧在松软的草地上。青苗跟杜大叔也来到一棵大树下边，一面歇息，一面吃干粮。,"A.青苗跟杜大叔之前不在这棵大树下。
B.青苗跟杜大叔是骑马来的。
C.青苗和杜大叔没有歇息。
D.羊儿没叫。",A
3,positive,Nature,刘震云/故乡天下黄花,村长许布袋，还是整日打兔子，一次老贾批评他，批评他工作落后，这个许布袋，年轻时也是个杀人不眨眼的家伙，硬是低着头听老贾训了他一顿话。,"A.许布袋工作落后。
B.许布袋进过监狱。
C.许布袋整日打老虎。
D.许布袋不听老贾的训话。",A
4,positive,Nature,余华/河边的错误,么四婆婆的呼唤尽管十分亲切，可显然已经徒劳了，于是她开始“嘘嘘”地叫了起来，同时手里的竹竿也挥动了，聚集在她身旁的那些鹅立刻散了开去。,"A.么四婆婆之前没有“嘘嘘”地叫。
B.么四婆婆的叫声很好听。
C.么四婆婆没有挥动竹竿。
D.鹅没有散开。",A
5,positive,Nature,邓友梅 《邓友梅选集》出版说明,自从当记者之后，那五自己在南城租了间小房，和紫云断绝了来往。,"A.那五曾与紫云来往。
B.紫云不让那五做记者。
C.那五在北城租了间小房。
D.那五在北城租了房。",A
6,positive,Nature,余华 女人的胜利,他这样对他的朋友们说，为了使自己的话更为真实可信，他开始举例说明。郭滨举例的时候，正坐在椅子里，他站起来走到门前，然后转过身来，看着他的三个朋友，他说了。,"A.在此之前，他没有举例说明。
B.他举了他妈妈的例子说明这件事。
C.郭滨从头到尾都背对着他的三个朋友。
D.他没有站起来走到门前。",A
7,positive,Nature,曲波 林海雪原,少剑波在战士们的欢笑中，第一个撑动了滑雪杖，碰巧正赶上一个斜坡，所以就摔了一跤。,"A.少剑波没有想到会赶上一个斜坡。
B.战士们在嘲笑少剑波。
C.少剑波最后一个撑动了滑雪杆。
D.少剑波没有摔跤。",A
8,positive,Nature,杜鹏程 保卫延安,虽然，卫毅已经停止呼吸，心脏也不再跳动，可是李诚总觉得他没有死。,"A.卫毅之前还有呼吸。
B.卫毅遭遇了车祸。
C.卫毅的心脏还在跳动。
D.李诚觉得他死了。",A
9,positive,Nature,巴金 家,淑华、淑贞两姊妹受到琴的鼓舞，都下了决心要继续读书，经过几次的要求，居然都得到了母亲的许可。,"A.淑华、淑贞之前有在读书。
B.淑华、淑贞两姊妹家庭有变故。
C.母亲没有许可两姊妹的要求。
D.淑华、淑贞两姊妹没有受到琴的鼓舞。",A
10,positive,Nature,刘慈欣 三体II,车修好后，罗辑立刻全速向回开，在夜色中冲出群山再次回到大平原上。清晨时他到达石家庄，回到北京时已是上午十点了。,"A.罗辑清晨之前不在石家庄。
B.逻辑的车撞到了人。
C.罗辑的车没有修好。
D.逻辑回到北京是中午十二点。",A
11,positive,Nature,巴金 家,这个消息给觉民带来大的快乐。他们兴奋地交谈了几句话，便匆匆忙忙地离开了黄存仁的家。,"A.他们之前在黄存仁的家。
B.觉明得知了自己能上大学的消息。
C.他们没有交谈。
D.他们还在黄存仁家。",A
12,positive,Nature,余华/在细雨中呼喊,拥有同样神态的新郎，显然已经忘记了几天前是如何被冯玉青紧紧抱住的，他神采飞扬地走来时，右手十分笨拙地向我们挥舞着。,"A.新郎几天前被冯玉青紧紧抱住了。
B.新郎不爱新娘。
C.新郎无精打采。
D.新郎挥舞着左手。",A
13,positive,Nature,余华 夏季台风,在阿尔卑斯山下的草坡上，盟军的营地以雪山作为背景，一些美丽的女护士正在帐篷之间走来走去。物理老师已经完成了简易棚的支架，现在他正将塑料雨布盖上去。,"A.物理老师之前在做简易棚的支架。
B.女护士是被强制调来这里的。
C.一些美丽的女护士坐在帐篷里休息。
D.物理老师正将塑料雨布拉下来。",A
14,positive,Nature,王朔 玩儿的就是心跳,"这时，我听到关闭车门的“砰砰”声，车动了，轻轻震了一下便开起来；没有广播，没有音乐，也没有鸣笛，静静地滑出站台驶过城市进入了黑暗的田野。
","A.车之前没有在开。
B.车里有两名驾驶员。
C.车门没有关上。
D.车里播放着音乐。",A
15,positive,Nature,巴金 家,爷爷刚刚走过窗子底下，以为爹死了，喘着气走进来。他看见这种情形，就责备我不该引起爹伤心，还安慰爹几句。,"A.我让爹伤心了。
B.爹患上了绝症。
C.爷爷喘着气跑了过来。
D.爹死了。",A
16,positive,Nature,余华 余华自传,有几次他让我坐到课堂上去，和他坐在一把椅子里听老师讲课。有一次一个女老师走过来把他批评了一通，说下次不准带着弟弟来上课，我当时很害怕，他却是若无其事。,"A.他带着弟弟去上课。
B.我和他坐车去的学校。
C.他很怕老师批评。
D.我一点也不害怕。",A
17,positive,Nature,王蒙 蝴蝶,她既平庸而又琐碎，而他在海云的眼里呢，也许愈来愈显得冷酷、自私、夸夸其谈。他意识到自己的责任，他谴责自己破坏了海云的学业，甚至是海云的幸福。,"A.他破坏了海云的学业，甚至是海云的幸福。
B.她对他深恶痛绝。
C.她超凡脱俗。
D.他没有意识到自己的责任。",A
18,positive,Nature,巴金 家,她畏怯地用手遮住眼睛，又坐了下去。风开始在外面怒吼，猛烈地摇撼着窗户，把窗格上糊的纸吹打得凄惨地叫。寒气透过了糊窗纸。屋里骤然冷起来。,"A.她之前坐过。
B.窗外下着大雨。
C.她大胆地睁大了眼睛。
D.屋里很热。",A
19,positive,Nature,老舍 无名高地有了名,大家已听到传达报告，知道了军长的指示，一致表示绝对认真演习。又加上白天能出坑道，个个心里更觉得痛快。坑道是个了不起的发明，可是它也真使人闷气；因此，尽管是冒雨出操，大家还是精神百倍。,"A.大家心里本来就觉着痛快。
B.大家白天要出坑道练习打靶。
C.大家拒绝认真演习。
D.大家不知道军长的指示。",A
20,positive,Nature,余华 我为什么要结婚,我决定去看望两个朋友的时候，正和母亲一起整理新家的厨房，我的父亲在他的书房里一声一声地叫我，要我去帮他整理那一大堆发黄的书籍。,"A.父亲有书房。
B.父亲的书房朝南。
C.我和母亲在整理书房。
D.书籍没有发黄。",A
21,positive,Nature,余华 一九八六年,走到窗前他大吃一惊，他才发现这破碎的竟是唯一幸存的玻璃。其他的窗格里都空空皆无。他不禁伸出手去抚摸，他感到那上面非常粗糙和锐利。,"A.之前有其他玻璃破碎了。
B.玻璃是地震震碎的。
C.他感到窗格上面非常光滑。
D.他没有伸出手去抚摸。",A
22,positive,Nature,余华 一个地主的死,王香火走到他们面前，取下瓜皮帽握在胸前，向其中一个鞠了一躬，接着又向另一个也鞠躬行礼。,"A.王香火有瓜皮帽。
B.王香火边鞠躬边面带微笑。
C.王香火只给其中一个人鞠了躬。
D.王香火走到他们背后。",A
23,positive,Nature,皮皮 比如女人,我养大了我们的孩子，我做饭洗衣服，干全部家务事，还要和他一样工作八小时。我从没和任何别的男人有过不正当的来往，但是，我的丈夫对别人说，我们的婚姻有问题。,"A.我有丈夫。
B.我的丈夫是司机。
C.我从来不干家务。
D.我不工作。",A
24,positive,Nature,冯德英 苦菜花,她要是把脚一挪悬了空，立时就完了……但她一怔，慌忙跳下来，飞跑着去开开门，一头扑在正要进来的人的怀里。,"A.她的脚没有悬空。
B.她站在窗台上擦窗。
C.她慢慢走着去开门。
D.她没有扑在正要进来的人的怀里。",A
25,positive,Nature,梁斌 红旗谱,眼看小邵一刀砍过去，敌军用枪杆遮拦住，砰地一枪打中他的胸膛。小邵趔趄着身子冲过去，想夺取敌人的大枪，也许他意识到，这把刀不能在战场上取得胜利。,"A.这把刀不能在战场上取得胜利。
B.小邵从小练枪。
C.小邵站在原地不动。
D.敌军没有用枪杆遮拦住。",A
26,positive,Nature,巴金 家,这其间她也曾像别的同样年纪的少女那样，做过一些美丽的梦，可是这些梦只一刹那间就过去了。冷酷、无情的现实永远站在她的面前。她也曾梦想过精美的玩具，华丽的衣服，美味的饮食和温暖的被窝，像她所服侍的小姐们所享受的那样。,"A.她没有精美的玩具，华丽的衣服。
B.现实中，她失去了双亲。
C.她不曾做过美丽的梦。
D.她成为了一个小姐。",A
27,positive,Nature,张佐良 周恩来的最后十年,我感到荣幸的是本人的名字被列在其中，校领导给我们分发了报考大学的“志愿登记表”。数日后，在上海交通大学“文治堂”参加全国高考。,"A.我的名字被列在其中。
B.我在志愿登记表上填了20所学校。
C.数日后，我在北京大学参加全国高考。
D.校领导没有给我报考大学的“志愿登记表”。",A
28,positive,Nature,梁晓声 感觉日本,在共进晚餐时，中西隆三先生通过翻译主动与我交谈。他说他并不是替日本的侵华罪恶持怀疑态度，他只是替中国感到遗憾。中国为什么不可以将证据和数字收集的更详实些呢？,"A.中国没有将证据和数字收集的更详实些。
B.我们晚餐用了三个小时。
C.中西隆三先生拒绝与我交谈。
D.他替日本的侵华罪恶持怀疑态度。",A
29,positive,Nature,巴金 家,他知道那个少女所受的责骂，都是他带给她的。他的妹妹的态度引起了他的反感。他很想出来说几句话替鸣凤辩护，然而有什么东西在后面拉住他。他不作声地站在黑暗里，观察这些事情，好像跟他完全不相干似的。,"A.他有妹妹。
B.他在黑暗里站了一夜。
C.他不知道那个少女遭受了责骂。
D.他不想替鸣凤辩护。",A
30,positive,Nature,周而复 上海的早晨,柳惠光敬仰地望着唐仲笙，暗中责怪自己为啥没想到这一层。唐仲笙显出比徐义德更高明，给柳惠光一支持，心里越发得意洋洋。,"A.柳惠光没想到这一层。
B.唐仲笙学历比徐义德高。
C.唐仲笙非常伤心。
D.柳惠光没有望着唐仲笙。",A
31,positive,Nature,巴金 家,门前又恢复了先前的静寂。这所公馆和别的公馆一样，门口也有一对石狮子，屋檐下也挂着一对大的红纸灯笼，只是门前台阶下多一对长方形大石缸，门墙上挂着一副木对联，红漆底子上现出八个隶书黑字：“国恩家庆，人寿年丰。”,"A.门前之前很热闹。
B.这所公馆的主人做的是石油生意。
C.门前有三对石狮子。
D.门墙上没有木对联。",A
32,positive,Nature,戴厚英 人啊人,我自以为已经掌握了马列主义的基本原理，正确地理解了社会、理解了人。我站在讲台上，大声地宣读根据领导意图写成的讲稿，批判我的老师所宣传的人道主义。,"A.我有老师。
B.讲台下有几百个人。
C.我小声地宣读根据领导意图写成的讲稿。
D.我没有站在讲台上。",A
33,positive,Nature,冯德英 迎春花,否则，连他孙承祖和“刮地皮”一伙，也要遭杀身之祸了。接连两次大破坏都未成功，党羽又前后丧生，使孙承祖感到悲哀，丧气。他怕村里为此起疑，一直窝藏在地洞里，吩咐王镯子行走谨慎，常在外面听风声。,"A.之前发生了两次大破坏。
B.他在地洞里藏了半年。
C.他一直在外面打探情报。
D.他不怕村里为此起疑。",A
34,positive,Nature,巴金 家,在中学里他是一个成绩优良的学生，四年课程修满毕业的时候又名列第一。他对于化学很感到兴趣，打算毕业以后再到上海或北京的有名的大学里去继续研究，他还想到德国去留学。,"A.他之前名列第一。
B.四年的课程共有五十门课。
C.他还想到美国去留学。
D.在中学里他成绩一般。",A
35,positive,Nature,余华 活着,明明是凤霞挖到一个地瓜，王四欺负凤霞不会说话，趁凤霞用衣角擦上面的泥时，一把抢了过去。,"A.地瓜上面有泥。
B.王四讨厌凤霞。
C.凤霞会说话。
D.凤霞没有挖到地瓜。",A
36,positive,AI,,李教授终于停止了关于类型学的长篇论述并坐下喝水。,"A.李教授此前在进行长篇论述。
B.听众对类型学内容感到厌烦。
C.李教授站着喝水。
D.李教授从未提及类型学。",A
37,positive,AI,,王警官意识到报案人隐瞒了关键信息，但已经来不及了。,"A.报案人隐瞒了信息。
B.王警官已掌握完整证据链。
C.王警官发现得很及时。
D.报案人主动坦白了所有细节。",A
38,positive,AI,,虽然下雨，登山队继续向峰顶进发，登山队员十分小心。,"A. 登山队此前已在行进途中。
B. 天气未对装备造成损坏。
C. 登山队员粗心大意。
D. 登山队还未开始攀登。",A
39,positive,AI,,张医生后悔采用激进治疗方案，虽然患者病情严重，但是还是应该先保守治疗，看看情况。,"A.激进方案确实被实施过。
B.患者出现严重并发症。
C.张医生一点也不后悔。
D.该方案并不激进。",A
40,positive,AI,,基金会承认今年的捐款金额下降并呼吁社会各界加大对留守儿童问题的关注。,"A.捐款金额有所减少。
B.捐款金额创历史新低。
C.基金会呼吁大家加大对空巢老人问题的关注。
D.捐款数额大幅增长。",A
41,positive,AI,,她意识到自己的错误给团队带来了麻烦。她主动承认错误，实施补救措施，同事们也没有苛责她。,"A.她犯了错误。
B.她把合同条款写错了。
C.她拒绝承认错误。
D.同事们苛责她。",A
42,positive,AI,,爸爸后悔当初没有选择更好的职业道路。但是妈妈认为一切都是最好的安排，我们都支持爸爸的工作。,"A.爸爸当初没有选择更好的职业道路。
B.爸爸现在准备跳槽。
C.妈妈认为一切都是最糟糕的安排。
D.我们不支持爸爸的工作。",A
43,positive,AI,,因为成绩优异且乐于助人，他再次获得了奖学金。同学们都以他为榜样。,"A.他之前获得过奖学金。
B.他获得的是国家奖学金。
C.他不愿意帮助他人。
D.同学们都讨厌他。",A
44,positive,AI,,我家的猫又调皮了。每次有陌生人到家里来，它都很激动。它喜欢把桌上的东西弄得一团糟。,"A.我家的猫之前调皮过。
B.我家的猫因为年纪小所以很调皮。
C.每次有陌生人到家里来，我家的猫都很冷淡。
D.我家的猫不会把桌上的东西弄得一团糟。",A
45,positive,AI,,爸爸的车修好了。他答应开车带我和妹妹去游乐园玩，我们都很激动。,"A.爸爸有一辆车。
B.爸爸的车之前爆胎了。
C.爸爸答应开车带我和妹妹去电影院玩。
D.我和妹妹一点都不激动。",A
46,positive,AI,,老师表扬了小明的进步。小明被评为这个月的“进步之星”，同学们都把他作为榜样。,"A.小明进步了。
B.小明每天下课去找老师问问题。
C.小明被评为这个月的“学习之星”。
D.同学们不把小明作为榜样。",A
47,positive,AI,,妈妈承认是自己忘记关水龙头了。水漫到了邻居家，我们赔偿了邻居的损失。,"A.妈妈忘记关水龙头了。
B.妈妈最近总是心不在焉。
C.水没有蔓延到邻居家。
D.我们没有赔偿邻居的损失。",A
48,positive,AI,,教练的指导让运动员进步很大。教练员不仅在技术上给予运动员指导，还在心理上提供支持。,"A.教练对运动员进行了指导。
B.运动员要去参加奥运会了。
C.教练员没有指导运动员的技术。
D.教练员不提供心理上的支持。",A
49,positive,AI,,员工的努力得到了回报。她被评为“最佳销售”，也获得了最高的提成奖励。,"A.员工付出了努力。
B.领导给予了员工很多帮助。
C.员工被评为“最佳领导”。
D.员工没有获得提成奖励。",A
50,positive,AI,,在小明来之前，我们已经准备好了。我们给他准备的生日惊喜有礼花、蛋糕和生日帽。,"A.小明可能会来。
B.这是小明的二十岁生日。
C.我们没有给小明准备生日惊喜。
D.生日惊喜里没有蛋糕。",A
51,positive,AI,,老师批评小明上课不认真。但是小明这次月考又考了全年级第一，这让老师又爱又恨。,"A.小明之前也考过全年级第一。
B.小明上课在打游戏。
C.小明在课上认真听讲。
D.老师非常讨厌小明。",A
52,positive,AI,,这些人回避了检察官的指控。这些人有的是酒吧的酒保，有的是街边的小混混，还有的是隔壁学校的中学生。,"A.检察官指控了这些人。
B.这些人偷了东西。
C.这些人里没有中学生。
D.这些人里没有酒保。",A
53,positive,AI,,能站在这里发言，她感到十分荣幸。作为班长，同学们和老师的认可是她最大的动力。,"A.她站在这里发言。
B.她站在这里是在召开五四评优活动。
C.同学们和老师不认可她。
D.她不是班长。",A
54,positive,AI,,很高兴，小林转入了自己喜欢的专业。我们一起吃了一顿饭来庆祝这件事，吃完饭后还聊了很久。,"A.小林转入了自己喜欢的专业。
B.小林从高中的时候就想好了自己要读什么专业。
C.我们一起吃了三顿饭来庆祝这件事。
D.吃完饭后我们就没有再聊天了。",A
55,positive,AI,,距离期末还有四周，我们开始考虑怎么应对期末的闭卷考试。我们最终决定一起制定一份复习清单。,"A.我们之前没有考虑过怎么应对期末的闭卷考试。
B.我们这个学期都没有好好听课。
C.距离期末还有八周。
D.我们最终决定分别制定一份复习清单。",A
56,positive,AI,,我的朋友昨天下午到达上海。我到浦东机场去接她，然后我们去了南京路逛街。,"A.我有朋友。
B.我的朋友到上海来找工作。
C.我到虹桥机场去接朋友。
D.我们没有去南京路逛街。",A
57,positive,AI,,经过后桌同学的提醒，前面的同学终于停止了抖腿。我们这排的桌子终于不再晃动了。,"A.前面的同学之前在抖腿。
B.前面的同学有多动症。
C.后桌同学没有提醒前面同学。
D.我们这排的桌子还在晃动。",A
58,positive,AI,,妈妈敲敲门进入我的房间，给我送来一杯热牛奶。,"A.我有自己的房间。
B.我学习到很晚。
C.妈妈给我送来一杯冰牛奶。
D.妈妈没有敲门。",A
59,positive,AI,,我今天逛街碰巧遇到了大学室友。她剪了短发，整个人瘦了不少，变得格外好看。我们还一起吃了饭，聊了一晚上。,"A.我没想过会遇到大学室友。
B.大学室友以前长相非常丑。
C.我们没有一起吃饭。
D.我们没有聊天。",A
60,positive,AI,,小明忘记交作业了。这已经是他这个学期第三次忘记交作业了，老师说如果下次还忘交就要请他的家长来学校。,"A.小明应该交作业。
B.小明昨天晚上出去玩了，没做作业。
C.老师没有批评教育小明。
D.这是小明这个学期第一次忘记交作业。",A
61,negative,Nature,余秋雨/腊梅,这是另一位护士的声音，冒雪数梅的护士今天没上班。这位护士虽然身材颀长，却还有点孩子气，手上夹把红绸伞，眸子四下一转。,"A.有护士冒雪数梅。
B.有护士因为发烧没来上班。
C.这位护士身材矮小。
D.这位护士手上夹把绿绸伞。",A
62,negative,Nature,余华/四月三日事件,他拿起簸箕时竟然长长地舒了口气，于是他不再束手无策。,"A.他之前束手无策。
B.他想到了绝妙的注主意。
C.他放下了簸箕。
D.他吸了一口气。",A
63,negative,Nature,余秋雨/千年一叹,站在金字塔前，所有的人都面对着一连串巨大的问号。不要草率地把问号删去，急急地换上赞美的感叹号或判断的句号。人类文明史还远远没到可以爽然读解的时候，其中，疑问最多的是埃及文明。,"A.人类存在文明史。
B.人类的文明史非常非常漫长。
C.疑问最少的是埃及文明。
D.站在金字塔前，没有人面对着一连串巨大的问号。",A
64,negative,Nature,余华/四月三日事件,他完全没有意识到自己竟然走到白雪家门口了。记得是两年前的某一天，他在这里看到白雪从这扇门里翩翩而出，正如现在她翩翩而出。,"A.他走到白雪门口了。
B.他想要亲吻白雪。
C.白雪不曾从这扇门里翩翩而出。
D.他从未到达过白雪家附近。",A
65,negative,Nature,余华/难逃劫数,沙子是在翌日傍晚去完成森林的委托的，他的这个行动说明他并没有意识到自己已被森林出卖了。,"A.沙子被森林出卖了。
B.沙子和森林是非常要好的兄弟。
C.沙子中午去完成了森林的委托。
D.沙子意识到自己被出卖了。",A
66,negative,Nature,宗璞/东藏记,次日一早，玮看见前排宿舍全都没了房顶，四堵墙好像张着大嘴在呼叫。工人抢在警报之先，已经开始工作，到下午跑警报回来，房椽上已经有一层薄木板，上面再盖上草就可以避风雨。,"A.前排有宿舍。
B.宿舍非常多。
C.工人在报警之后才开始工作。
D.上面再盖上草仍旧不能避风雨。",A
67,negative,Nature,张恨水/春明外史,你那封信，是昨天几时发的，九点就送到了我家里，我父亲还没上衙门哩。听差的也没有仔细看看，就送上去了。,"A.我有父亲。
B.我父亲是大官。
C.那封信昨天九点还没送到我家里。
D.听差的仔细看了看。",A
68,negative,Nature,张炜/你在高原,夜里我们聊天，因为黄湘又去城里办事了，我的屋子没人来骚扰。朱亚从怀中掏出一个照片，我看到了一位可爱的姑娘的肖像。,"A.我有屋子。
B.我的屋子很大。
C.夜里我们没有聊天。
D.朱亚从怀中掏出一个男孩的照片。",A
69,negative,Nature,余华/两个人的历史,此刻全国已经解放，谭博在转业之前回家探视。那时候兰花依然居住在他的家中，只是不再是他母亲的女佣，开始独立地享受起自己的生活。,"A.兰花曾经是谭博母亲的女佣。
B.兰花是母亲的私生女。
C.全国还没有解放。
D.兰花没居住在谭博的家中。",A
70,negative,Nature,李晓明 平原枪声,马英心中不服，可是看了看杜平在黑暗中模胡不清的脸，不知一股什么力量，使他没有继续争辩，轻声地传了一声撤退的命令。大家都摸不着头脑，有的趴在地下还不愿意走呢！,"A.马英之前在争辩。
B.马英自觉理亏。
C.大家都愿意走。
D.马英心中很服气。",A
71,negative,Nature,汪曾祺/大头,层次分明，有条不紊。他修好的鞋没处放，就在板壁上钉了许多钉子，全都挂起来。面朝里，底朝外，鞋底上都贴着白纸条，写明鞋主姓名和取鞋日期。这样倒好，好找，省得一双一双去翻。,"A.鞋之前坏了。
B.这是一双高跟鞋。
C.鞋面上都贴着白纸条。
D.这样不好找。",A
72,negative,Nature,1948年人民日报,在这种情形下，同志们再没继续敲门了，部队就在村外麦场里休息。一会，攻打韩城的炮声响了，同志们都兴奋的睡不着。,"A.同志们之前在敲门。
B.同志们之前敲门敲得非常大声。
C.攻打韩城的炮声始终没响。
D.同志们都睡着了。",A
73,negative,Nature,网络语料 微信公众号,勇敢地转专业，去学你喜欢的东西。那时候被懒癌打败，没继续坚持自己所爱的事情，现在你后悔了，却没有了机会。少吃点，离他远点，先把计算机报了。别想去讨好任何人，别感伤，你要明白一个人也是可以过的，多爱妈妈。,"A.我之前尝试过自己所爱的事情。
B.我爱好的事情很费钱。
C.要想着去讨好别人。
D.一个人是不可以过的。",A
74,negative,Nature,韩寒 三重门,小学里凭他的基础可以轻松通过，升了中学后渐渐力不从心，加上前任语文教师对他的孤傲不欣赏，亟来用荀子劝他，说什么“君子务修其内而让之于外”，见未果，便用庄子吓他“不能容人者，无亲；无亲者，尽人”。,"A.他很孤傲。
B.他被同学霸凌了。
C.小学里凭他的基础不能轻松通过。
D.升了中学后学习很不错。",A
75,negative,Nature,曾卓 诗人的两翼,我并不遗憾于我们的关系没有升华一步，恰恰相反，我认为，像如今这样是最好的：正因为不是圆满的所以是美丽的。她爱过的我也许不过是她心中的一个幻影，令她陶醉的也许只不过是一种情调。,"A.我们的关系没有升华一步。
B.我们吵架了。
C.我认为如今这样是最差的。
D.不圆满的所以是不美丽的。",A
76,negative,Nature,姚雪垠 李自成2,崇祯同后妃们到了涵元殿吃茶休息，随后命宫女们将棋盘摆在昭和殿前边的澄渊亭上，要同田妃下棋。尽管周后不喜欢他对田妃过分宠爱，但是难得见他出来玩耍散心，生怕他闷坏了身体没法照管这八下起火的江山，今天反而希望他单独同田妃玩个痛快。,"A.崇祯对田妃过分宠爱。
B.田妃年轻貌美。
C.崇祯同后妃们到了涵元殿跳舞。
D.周后不希望他单独同田妃玩个痛快。",A
77,negative,Nature,冯德英 苦菜花,母亲陷在痴呆呆的境地里，眼前的一切一片模糊。她不知杏莉母亲来送饭时，她说了些什么，也不记得杏莉母亲什么时候走的，她真的以为是在抱着孩子睡去。,"A.杏莉母亲来送过饭。
B.母亲得了老年痴呆。
C.母亲眼前的一切清晰起来。
D.母亲记得杏莉母亲什么时候走的。",A
78,negative,Nature,李英儒 野火春风斗古城,杨晓冬同银环她们远跟车后，一行送至外卡口，瞧见伪军驭手，抽着响鞭，打着口哨，大摇大摆往外赶。到封锁口时，不晓得王迷胡对卫兵说了些什么，客人连车未下就出了外卡子口。,"A.王迷胡对卫兵说了些话。
B.王迷胡让卫兵帮忙传送秘密情报。
C.杨晓冬同银环她们没有跟着车子。
D.客人下车了。",A
79,negative,Nature,网络语料\社区问答,可我还是受不了．他看我在场，也就没继续这个话题．下午他又来找我，我对他很冷淡，并且很严肃的把他请了出去．他一定会看出点什么，我也觉得自己挺可笑的，人家甜蜜管我什么事呢？,"A.他之前在谈论这个话题。
B.这个话题非常私密。
C.下午他没来找我。
D.我对他很热情。",A
80,negative,Nature,网络语料\微信公众号,而今年虽没继续送礼物，但他们想了一个让营销活动有延续性的方案。即，如果顾客拿着去年情人节在店里用餐的照片来餐厅，则可以免费点100块钱的东西。,"A.之前送过礼物。
B.之前送的礼物十分昂贵。
C.他们想不到一个让营销活动有延续性的方案。
D.顾客无论如何都不能免费点100块钱的东西。",A
81,negative,Nature,王小波/东宫·西宫,她们既不知道有同性恋这样的事，也不知道丈夫是同性恋者，还以为世上所有的男人全是这样，因此也不会抱怨什么。于是，我们认为很严重的事，她却以为不严重。,"A.她们的丈夫是同性恋者。
B.她们的丈夫有外遇。
C.她们认为这是很严重的事。
D.我们认为这事情不严重。",A
82,negative,Nature,陈世旭 将军镇,殷元中这样做，一点不回避他跟殷道严是叔侄关系的事实。李八碗也并不因此难为他，反而觉得他是一个知好识歹，有孝敬之心的人。,"A.殷元中跟殷道严是叔侄关系。
B.殷元中经常到殷道严家吃饭。
C.李八碗觉得他是一个毫无孝敬之心的人。
D.李八碗难为他。",A
83,negative,Nature,2000人民日报,但这些院校的院长在激动之余仍存在着很大的担忧，因为谁也不知道美国经济繁荣的局面还能持续多久。根据以往的规律，当经济增长放慢之时，公司裁员往往接踵而至。,"A.美国现在经济繁荣。
B.美国现在是世界上经济最繁荣的国家。
C.院长一点也不担忧。
D.根据以往的规律，当经济增长放慢之时，公司不会裁员。",A
84,negative,Nature,2000人民日报,本来，这位客户带现金去可以，为了方便才没带现金，却不知道异地取款要交手续费。这时，客户就有一种上当的感觉。,"A.异地取款要交手续费。
B.异地取款的手续费很高。
C.这位客服带了现金。
D.这位客户没感觉自己上当了。",A
85,negative,Nature,老舍 正红旗下,可是，她并不拒绝姑母的小小的援助。大姐的婆婆既要求媳妇打扮得象朵鲜花似的，可又不肯给媳妇一点买胭脂，粉，梳头油等等的零钱，所以姑母一问她要钱不要，大姐就没法不低下头去，表示口袋里连一个小钱也没有。,"A.姑母援助了她。
B.姑母一直都在暗暗帮助她。
C.大姐的婆婆要求媳妇故意扮丑。
D.婆婆肯给媳妇买胭脂的零钱。",A
86,negative,Nature,芙蓉三变 非诚勿扰,沈醉举定酒杯看着座上的一众人等，并不回避苏阑阴暗的眼睛。本来这些都是呼风唤雨惯了的人物，素来横行，若是沈醉来劝听或者替酒，他们大可不当一回事。但是沈醉是端出长辈的身份来敬酒，这个面子就不好不给了。　,"A.苏阑有阴暗的眼睛。
B.苏阑喜欢沈醉。
C.这些都不是呼风唤雨惯了的人物。
D.沈醉没有看着座上的众人。",A
87,negative,Nature,曲波 林海雪原,村的生产委员会，为了不影响生产、剿匪的任务，所以这趟进城的贸易队，全是由妇女和老头组成的。去时，柈子、平货车上装得满满当当；回来时，布匹、棉花包得花花绿绿。,"A.村里有生产的任务。
B.村里剿匪任务非常重。
C.进城的贸易队由妇女和孩子组成。
D.贸易队回来时车上没有货物。",A
88,negative,Nature,2016 人民日报,我并不后悔在热身赛上选择了两个强悍的对手（法国队和加拿大队）。其实我可以选择世界排名比较靠后的对手，让球队轻松赢下比赛，但那样所得到的锻炼意义就不同于这两场比赛。最终我们能以一场胜利结束备战非常好，而且对手也是奥运会参赛队，相信这对我们的团队精神会有所鼓舞。,"A.我在热身赛上选择了两个强悍的对手。
B.我在热身赛上选择了世界排名前2的对手。
C.最终我们没能取得胜利。
D.这两场比赛对我们没有帮助。",A
89,negative,Nature,沈永兴_朱贵生 二战全景纪实,会见中，希特勒挖空心思隐瞒他的真实意图，半点也没有透露他在3个星期之前（11月5日）秘密会议上做出的决策。哈里法克斯本来小心翼翼地想探明希特勒的真实想法，但会谈后细想一想还是没弄明白希特勒的意图。,"A.他在3个星期之前（11月5日）秘密会议上做出了决策。
B.希特勒和他的同伙一起召开了秘密会议。
C.希特勒挖空心思暴露他的真实意图。
D.哈里法克斯不想探明希特勒的真实想法。",A
90,negative,Nature,巴金 家,忽然他的眼前又现出紫色的影子，他知道是她来了。这一次她不像先前那样地活泼了。她低下头，慢慢地走着，好像在思索一件重大的事情。她上了岩石，依旧坐在他的对面。,"A.她以前很活泼。
B.她被父母要求表现文静。
C.她低下头，飞速地走着。
D.她没有坐在他的对面。",A
91,negative,Nature,罗广斌_杨益言 红岩,在学校里稳重缄默的华为，回到家乡，话也多了，人也活跃了。他毫不隐瞒回到家乡的喜悦，一路上小心翼翼的神情，随着风雨飘走了。,"A.华为回到家乡很喜悦。
B.华为为即将看到朋友而感到喜悦。
C.华为回到家乡，话少了。
D.在学校里华为很活泼。",A
92,negative,Nature,网络语料\微信公众号,他们都不后悔自己选择打篮球。哪怕家里人不支持，哪怕放弃实习机会，哪怕放弃休息时间，还是不后悔。坚持到现在也是不想让自己后悔。,"A.他们选择了打篮球。
B.他们是顶尖的篮球运动员。
C.他们没有坚持下去。
D.他们家里人很支持。",A
93,negative,Nature,王小波/沉默的大多数,我们不知道农民为什么非生很多孩子不可，是因为我们是城里人。人类学和社会学告诉我们的是：假如我们真想知道，是可以知道的。诚实与浮嚣我念大学本科时，我哥哥在读研究生。我是学理科的，我哥哥是学逻辑学的。,"A.农民生了很多孩子。
B.农民重男轻女。
C.我念本科的时候，我哥哥在读博士生。
D.我是学文科的。",A
94,negative,Nature,陈染 私人生活,她说，我要是愿意看，箱子里的书都可以让我读。后来我忙于功课和考试，就没有继续向她要书看。但是，我知道，那些书她都看过。,"A.我之前向她要书看。
B.我之前看过三十本书。
C.后来我在功课和考试上懈怠了。
D.那些书她都没看过。",A
95,negative,Nature,巴金 家,她的生活不再像从前那样地困苦了，主人们对她比较温和多了，而且纯洁的爱情又鼓舞着她，给她造就了美妙的幻梦，使她忘记了现实的一切。,"A.她从前的生活很困苦。
B.主人给她加工资了。
C.肮脏的爱情鼓舞着她。
D.她没有忘记现实的一切。",A
96,negative,AI,,一群家长围了过来，狠狠盯着陆林。陆林低着头，不承认是自己弄坏了玩具。,"A.玩具被弄坏了。
B.一定是陆林弄坏了玩具。
C.一群家长笑嘻嘻地看着陆林。
D.陆林抬着头。",A
97,negative,AI,,老师没发现小明在课堂上看漫画，很多同学因此纷纷效仿。,"A.小明在课堂上看漫画。
B.老师故意装作没发现小明上课看漫画。
C.很多同学也开始在课上认真听讲。
D.老师发现了小明上课看漫画。",A
98,negative,AI,,我不后悔当初选择来到这座城市，这座城市便捷又有人情味。,"A.我当初选择来到这座城市。
B.我因为找工作来到这座城市。
C.这座城市没有人情味。
D.这座城市很不便捷。",A
99,negative,AI,,小王没有后悔买那件昂贵的衣服，她很喜欢衣服的设计。​,"A.小王买了那件昂贵的衣服。
B.那件衣服是知名设计师设计的。​
C.那件衣服价格便宜。​
D.小王不喜欢这件衣服的设计。",A
100,negative,AI,,这场演唱会上座率很高。在演唱会结束前，观众们的热情并没有减退。,"A.演唱会会结束。
B.演唱会结束得很快。​
C.观众们一点也不热情。
D.这场演唱会上座率较低。",A
101,negative,AI,,隔壁班的学生小明这次没有迟到。,"A.隔壁班有一个学生叫小明。
B.学校今天严查迟到的学生。
C.小明这次又迟到。
D.小明是我们班的同学。",A
102,negative,AI,,爸爸的朋友不承认自己忘记了和我的约定。我们约定他下次来我家的时候给我带棒棒糖，可是他今天来了，什么都没带。,"A.爸爸的朋友忘记了和我的约定。
B.爸爸的朋友经常忘记和我的约定。
C.爸爸的朋友今天没来。
D.爸爸的朋友给我带了棒棒糖。",A
103,negative,AI,,老师故意没指出这次作业里题目的错误，期待同学们有敢于质疑题目的勇气。,"A.这次作业里的题目有错误。
B.老师经常不指出作业里题目的错误。
C.老师不期待同学们有敢于质疑题目的勇气。
D.老师忘记指出作业里题目的错误。",A
104,negative,AI,,在比赛开始前，运动员家属的紧张情绪没有缓解。陪同人员给运动员家属递了一瓶水。,"A.运动员有家属。
B.运动员家属比运动员还紧张。
C.在比赛开始前，运动员家属的紧张情绪缓解了。
D.陪同人员没有给运动员家属递水。",A
105,negative,AI,,妈妈没有批评偷吃了糖果的妹妹。妈妈耐心地询问原因并跟妹妹讲道理。,"A.妹妹偷吃了糖果。
B.妹妹不是第一次偷吃糖果了。
C.妈妈不耐烦地询问妹妹偷吃糖果的原因。
D.妈妈不跟妹妹讲道理。",A
106,negative,AI,,她不承认是自己把碗打碎的。在审讯室里，她攥着衣角，指节在日光灯下泛出青白。,"A.碗碎了。
B.她背叛了组织。
C.她的指节在黑暗里泛出青白。
D.她没有攥着衣角。",A
107,negative,AI,,小红的父亲没有参加这次会议。还有其他参会人员因为行程冲突而无法出席。,"A.小红有父亲。
B.小红的父亲由于对会议内容不满而拒绝出席。
C.没有其他参会人员因为行程冲突而无法出席。
D.小红的父亲参加了这次会议。",A
108,negative,AI,,老师没意识到自己的批评太严厉了。小丽听完就哭了，但她也知道老师是为自己好。,"A.老师开展了批评。
B.小丽抄了别人的作业。
C.小丽不知道老师是为自己好。
D.小丽听完老师的批评没有哭。",A
109,negative,AI,,在火车出发前，乘客们并没有做好上车准备。小孩子们在车厢里跑来跑去，乘务员制止这一行为。,"A.火车会出发。
B.这辆火车是开往山区的。
C.小孩子们在车厢里安安静静地坐着。
D.乘务员允许孩子们在车厢里奔跑。",A
110,negative,AI,,领导没发现公司存在管理漏洞。这一疏漏导致公司损失了一百万，领导受到了降职处分。,"A.公司存在管理漏洞。
B.公司的公章被偷窃了。
C.这一疏漏导致公司损失了一千万。
D.领导没有受到处分。",A
111,negative,AI,,他不认可这个项目的新方案。他向领导提出了修改意见，但被驳回了。,"A.这个项目有新方案。
B.领导不喜欢他。
C.他没有向领导提出了修改意见。
D.他的意见被采纳了。",A
112,negative,AI,,医生没诊断出他身体的具体病因，建议他到大医院进一步检查，但也不用过于紧张。,"A.他的身体有病因。
B.他连续发烧了一个星期。
C.医生建议他要保持高度紧张。
D.医生不建议他到大医院检查。",A
113,negative,AI,,我不相信他能独自完成这项艰巨的任务，事实证明，我错了。,"A.有一项艰巨的任务要完成。
B.我是他的领导。
C.他没有独自完成了这项艰巨的任务。
D.我做出了正确的判断。",A
114,negative,AI,,奶奶没想起把珍贵的老物件藏在了哪里。她把家里翻得乱七八糟，还是没有找到。,"A.奶奶藏了珍贵的老物件。
B.奶奶珍藏了数百克黄金。
C.奶奶把家里收拾得很整洁。
D.奶奶找到了珍贵的老物件。",A
115,negative,AI,,音乐会结束，老张忘记把小明的表弟一起带回家。因此回家后被老婆痛骂了一顿，还被没收了这个月的零花钱。,"A.小明有表弟。
B.老张故意没带小明的表弟一起回家。
C.老张没被老婆痛骂。
D.老张没有被没收这个月的零花钱。",A
116,negative,AI,,电影结束，小兰都没等来那个特别的人。她回到家后，非常伤心，一宿没睡。,"A.存在一个对小兰来说特别的人。
B.小兰没等来自己的恋人。
C.小兰没有回家。
D.小兰睡得很香。",A
117,negative,AI,,他不觉得自己的玩笑开得过分了。后来，有人也对他开了这样的玩笑，他才对此感到抱歉。,"A.他开了个玩笑。
B.他开老师的玩笑。
C.没有人对他开了这样的玩笑。
D.他没有对此感到抱歉。",A
118,negative,AI,,在上次劝阻过同事后，他不仅没有停止在背后说别人坏话，甚至愈演愈烈。,"A.同事之前在背后说别人坏话。
B.同事惹很多人讨厌。
C.我没有劝阻同事。
D.同事现在不在背后说别人坏话了。",A
119,negative,AI,,小丽没有继续做作业，而是站起来活动身体，拉伸筋骨。,"A.小丽之前在做作业。
B.小丽非常讨厌做作业。
C.小丽没有站起来活动身体。
D.小丽没有拉伸筋骨。",A
120,negative,AI,,朋友看到他的黑眼圈都吓了一跳，建议他早睡早起。于是他不再熬夜看剧了。,"A.他之前熬夜看剧。
B.他喜欢看韩剧。
C.朋友没有看到他的黑眼圈。
D.朋友建议他晚睡晚起。",A
121,if,Nature,向恺然 留东外史续集,你如果将我的提包、帽子带回去了，迟两日必然找着我送还。过了一晌，竟没有些儿影响。湖南的朋友，又正在那时候打来一个电报，要我即日回湖南有要事。,"A.我有提包和帽子。
B.你偷走了我的帽子。
C.湖南的朋友没给我打电报。
D.湖南的朋友让我不要回湖南。",A
122,if,Nature,张平 十面埋伏,代英不再说话，一直默默地听着，一种直觉在告诉他，这个案子如果他想继续调查下去，那种巨大的压力和担心就会变得越来越具体，越来越明晰，越来越临近……,"A.代英此前就在调查这个案子。
B.代英是私家侦探。
C.代英话说个不停。
D.如果代英继续调查，他不会有什么压力。",A
123,if,Nature,戴厚英 流泪的淮河,如果她的理想稍稍受损，她就受不了了，五十斤重的担子，她挑起来比一百斤还重。是书斋里关得太久的缘故吗？我起身告辞的时候，玉儿把我的手拉得紧紧的，好像唯恐我离去似的。,"A.她有理想。
B.她的理想一直受挫。
C.我起身告辞的时候，玉儿松开了我的手。
D.她受得了理想受损。",A
124,if,Nature,艾米 山楂树之恋,过了一会，她听不见他的声音了，知道他已经走了，又后悔得不行，如果他又去别的什么地方，几天不过来，那她不是错过了今天这个难得的机会？她慌慌张张地站起来，想出去看看他往哪里走了，即使看见一个背影也可以让自己安心一下。,"A.他之前曾几天不过来。
B.他去和别的女孩约会了。
C.过了一会，她听见了他的声音。
D.她没有站起来。",A
125,if,Nature,张贤亮 邢老汉和狗的故事,这一下，事情闹大了，第二矿场的生产计划整个乱了套。局领导立刻下令检查原因，如果是德国人的错，就要向德国公司要求赔偿。这个任务，当然落在机械总厂的头上。,"A.存在错误。
B.德国人是故意犯错的。
C.第二矿场的生产计划井然有序。 
D.局领导下令不用检查原因。",A
126,if,Nature,沈永兴_朱贵生 二战全景纪实,他们的目的非常清楚，就是在进行投降谈判过程中，通过许诺来使我们的反抗意志消沉下去。我们大家都知道，如果集团军停止抵抗，我们将面临什么样的危险：我们中的多数人必然死亡，或者死于敌人的枪弹，或者在可耻的西伯利亚俘虏营死于饥饿和折磨。,"A.集团军之前在抵抗。
B.集团军是雇佣兵。
C.我们大家都不知道停止抵抗要面对的危险。
D.他们的目的不清楚。",A
127,if,Nature,梁晓声 感觉日本,如果他们真的忘记了山本五十六的话，那么中国人民也可以忘记周恩来总理代表中国人民对日本予以的宽恕。是的，中国虽有原子弹，但决不会往日本发射。中国人民首先会向日本重新索讨战争赔款。,"A.他们应该记得山本五十六的话。
B.他们应该记得上本五十六说过的每一个字。
C.中国将向日本发射原子弹。
D.中国没有原子弹。",A
128,if,Nature,冯德英 苦菜花,他是知道团长的脾气的，如果他再去要求一遍，团长就会发火了。于团长就是这样的人，眼熬红，脸熬黄，但他总是精力充沛，在工作时从不打个哈欠。,"A.他之前提过要求。
B.他之前要求团长戒烟。
C.他不知道团长的脾气。
D.于团长精力不充沛。",A
129,if,Nature,刘震云 单位,他从瘦瘦的脸上毫无油水和光彩的老何身上，看到了自己的影子。如果自己像老何那样，快到五十岁了，仍然是个科员，领那样的工资，住那样的房子，怎么向老婆孩子交待？于是觉得身上冷飕飕的。,"A.老何快到五十岁了，仍然是个科员。
B.老何因为没有关系，所以五十岁了还是个科员。
C.他从胖胖的脸上毫无油水和光彩的老何身上，看到了自己的影子。
D.他觉得身上很热。",A
130,if,Nature,知侠 铁道游击队1,如果那边也有敌人封锁，上不得岸，就被迫在水里作战。可是熟悉扒火车的队员，大多是不会泅水的。如果坐船在水里和敌人遭遇，那就很难应付。,"A.别的地方有敌人封锁。
B.其他所有地方都有敌人封锁。
C.熟悉扒火车的队员，大多是会泅水的。
D.如果坐船在水里和敌人遭遇，很容易应付。",A
131,if,Nature,姚雪垠 李自成1,他知道如果他不能忍受奚落，自己惹祸不打紧，同敌作战的大事也不用谈了。于是他勉强笑一笑，说：“敌人方胜而骄。正因为是月夜，他们会更加大意，疏于提防。”,"A.他曾经或将要受到奚落。
B.受到奚落会使他痛不欲生。
C.他一笑也不笑。
D.因为是月夜，他们不会大意。",A
132,if,Nature,刘慈欣 三体III,"如果情报主体被公布,可能出现全世界的解读热潮,这可能危及到云天明的安全。云天明的安全如此重要，并不仅仅是为他个人考虑,目前,他仍然是唯一个身处外星社会并深人星际的人,未来,他的重要性不可取代。","A.有情报主体存在。
B.有多个情报主体存在。
C.云天明的安全不重要。
D.未来，云天明可以被替代。",A
133,if,Nature,余华 在细雨中呼喊,南门如果还有值得怀念的地方，显然就是那口池塘。当我得知南门被征用，最初的反应就是对池塘命运的关心。那个使我感到温暖的地方，我觉得已被人们像埋葬苏宇那样埋葬掉了。,"A.南门有一口池塘。
B.南门有一口非常清澈的池塘。
C.南门没有被征用。
D.我不关心池塘的命运。",A
134,if,Nature,张贤亮 邢老汉和狗的故事,我曾想，一定有许多人像他一样想寻死而没有力气和没有心思去寻死。生，对于一些人来说仅仅是一种习惯，一种惰性罢了。如果死亡和散步一样轻而易举，人口过于膨胀的世界至少会自动消失掉三分之二。,"A.散步轻而易举。
B.散步一整天不间断很轻松。
C.这个世界人口不够膨胀。 
D.没有人想寻死。",A
135,if,Nature,李晓明 平原枪声,不过他对杨百顺深信不疑。他知道近些时杨百顺和刘中正的矛盾，如果让杨百顺知道这情况是刘中正弄来的，必然影响杨百顺工作的进行。,"A.刘中正弄出了一些情况。
B.刘中正弄出了不可挽回的情况。
C.近些时杨百顺和刘中正没有矛盾。
D.他怀疑杨百顺。",A
136,if,Nature,皮皮 比如女人,乌伟问的这句话倒是发自真心，如果他要离婚，那肯定他的婚姻有了天大的问题。也许他永远不能理解耿林为了另一个女人居然想结束持续了很久的婚姻。　,"A.他结过婚。
B.他和老婆没有感情了。
C.乌伟问的这句话不是发自真心。
D.乌伟可以理解耿林为了另一个女人想结束持续了很久的婚姻。",A
137,if,Nature,姚雪垠 李自成2,下午，杨嗣昌的一位亲信幕僚前来看他，对他说阁部大人对他十分倚重，决定即日拜本上奏，保他升任总兵；如果他再打一个大胜仗，阁部大人将奏请皇上将左良玉的“平贼将军”印夺来给他。,"A.他之前打过大胜仗。
B.日本最大的胜仗是他打的。
C.上午，杨嗣昌的一位亲信幕僚前来看他。
D.阁部大人看不起他。",A
138,if,Nature,陈建功_赵大年 皇城根,如果金枝忍受不了这粗暴，拨腿而去，事情就简单了，王喜希望她这样。这样他可以不必说出那些难以启齿的话。王喜哪里知道，金枝的心里，藏着一个愉快的消息，与这消息共存的，是无数美好的懂憬，为了这些，她是不会拨腿而去的。,"A.金枝受到了粗暴的对待。
B.金枝忍耐力差。
C.王喜不希望金枝拔腿而去。
D.王喜知道金枝的心里藏着一个愉快的消息。",A
139,if,Nature,芙蓉三变 非诚勿扰,如果清醒过来重新变得聪明，那么就是不爱的开始。病来如山倒，病去如抽丝。一场爱情和一场大病没什么两样。要用多少的心力才能让自己看开，要有多少的伤心才能让自己觉醒。离开，说起来容易，生生割掉曾经那么融入骨血的部分，哪有那么简单。沈醉直到今天才能明白，原来过去看小说的时候大言不惭的刻薄痴情的女主角是件多么无知的事情。,"A.沈醉之前聪明过。
B.沈醉之前聪明绝顶，是个天才。
C.一场爱情和一场大病存在很大的区别。
D.离开是很简单的事。",A
140,if,Nature,巴金 家,他最后说冯家的亲事绝不能打消，如果觉民到月底还不回家，就登报不承认他是高家的子弟，而叫觉慧代替他应承这件亲事。觉新不敢再说什么了，他唯唯地答应着。从祖父的房里退出来以后，他马上找了觉慧来，把祖父的话告诉觉慧。他重述着祖父的话，想借此威胁觉慧。,"A.觉民之前没回家。
B.觉民在外面出事了。
C.觉新不敢再说什么了，他一言不发表示拒绝。
D.从祖父的房里退出来以后，他没有找觉慧。",A
141,if,Nature,史铁生 《众生》,如果你要挽回你的过失，你就只有这样去做了。这盒子里现在已经遍布着生命和情感了，如果你毁了它，则无异于一场灭绝种类的大屠杀，你当然不能这么干。,"A.你犯下了过失。
B.我犯下了杀人的过失。
C.盒子里没有任何生命和情感。
D.你能这么干。",A
142,if,Nature,张贤亮 邢老汉和狗的故事,如果财产更多一点，还有一面墙供你利用。你可以把东西捆扎起来挂在墙上。更妙的是，你要看点书，写封家信，抑或心灵中那秘密的一角要展开活动，你就干脆面朝着墙，那么，现实世界的一切都会远远地离开你，你能够去苦思冥想。,"A.本来就有一些财产。
B.财产是抢来的。
C.你不可以把东西捆扎起来挂在墙上。
D.面朝着墙不能苦思冥想。",A
143,if,Nature,方方 白雾,江北那个案子跟钢厂这个有相近之处。所以我想如果我们找到这个主人或许会有那么点突破。作为重大案件，我不能错过任何一点直觉，所以为以防万一，我还是决定布下埋伏点。,"A.存在主人。
B.存在女主人。
C.作为重大案件，我不能凭借任何一点直觉。
D.江北那个案子跟钢厂这个完全不同。",A
144,if,Nature,张贤亮 邢老汉和狗的故事,他奇怪自己竟然对一切发生的和没有发生的事都无所谓，但他更奇怪的是自己心中竟然还残留着对女人的爱。然而，如果他仍然对一切发生的和没有发生的事都件件挂心，那便辜负了他彻底破灭的初恋。,"A.他之前对一切发生的和没有发生的事都件件挂心。
B.他之前对所有的事都殚精竭虑。
C.他不奇怪自己竟然对一切发生的和没有发生的事都无所谓。
D.他心中完全没有对女人的爱。",A
145,if,Nature,柳建伟 突出重围,如果我们的思维依旧迟钝僵化，恐怕从此就失去和他同场竞技的资格了。他最终的作战意图，实际上已经暴露无遗。他不是想用导弹，至少在我们的CI系统完整的情况下用不成导弹，他是准备切断我们的生命线。,"A.我们的思维之前迟钝僵化。
B.我们的思维被荼毒了。
C.他最终的作战意图没有暴露。
D.他想用导弹。",A
146,if,Nature,马兰 桂圆干,李儿坚守着她与王忠关系最为黑暗的一幕，我和平阳的痛苦是现实的真切的平常夫妻过日子不顺的痛苦。如果平阳恢复美貌，不再吸白粉，我们仍然是平凡的恩爱夫妻。,"A.平阳之前很貌美。
B.平阳脸被刀划了。
C.我和平阳的痛苦不是现实的真切的平常夫妻过日子不顺的痛苦。
D.李儿没有坚守着她与王忠关系最为黑暗的一幕。",A
147,if,Nature,余秋雨 《上海人》,如果上海人的精明只停留在这些地方，那就不算讨厌。但是，在这座城市，你也可以处处发现聪明过度的浪费现象。不少人若要到市内一个较远的地方去，会花费不少时间思考和打听哪一条线路、几次换车的车票最为节俭，哪怕差三伍分钱也要认真对待。,"A.上海人是精明的。
B.上海人是中国人中最精明的。
C.这座城市没有聪明过度的浪费现象。。
D.上海人三伍分钱并不认真对待。",A
148,if,Nature,杨沫 青春之歌,如果林道静不是叛徒，如果她依然在出生入死地、忠心耿耿地为祖国为人民在奋斗着；那么，戴愉，郑君才——她心爱的人，她把美好的青春，把痴心的热恋都交给了他的人，就是一个可耻的叛徒，就是一个恶毒的伪君子，甚至是比这个更可怕的人。而她自己呢？自己呢？她同他已经一同堕入的又是个多么可怕的深渊呵！由于林道静那封信的启发，也由于许多事实的证明，她早想到了这一点了。但是她害怕自己这样想。,"A.林道静之前在出生入死地、忠心耿耿地为祖国为人民在奋斗着。
B.林道静是地下党的领导人。
C.由于林道静那封信的启发，也由于许多事实的证明，她忘记了这一点。
D.她不害怕自己这样想。",A
149,if,Nature,网络语料 微信公众号,既然互联网的总开关在美国，你的计算机如果又使用人家的芯片，在今后的网络战中不论你有多少招，也都是孙猴子在如来佛掌中翻跟斗。我们曾提出过“跨越式发展”的战略口号，因理论准备不充分，却不能回答如何跨越的问题。,"A.你的计算机之前使用过人家的芯片。
B.你的计算机之前使用的是最先进的芯片。
C.我们没有提出过“跨越式发展”的战略口号。
D.理论准备很充分。",A
150,if,Nature,姚雪垠 李自成2,老蒋跪在窝棚上，他祷告河神能够放过他那几间土房，但是他那窠巢，显然是不存在了。他想如果是俗儿造的孽，那就叫人们把她抛进水里去吧。,"A.有人造了孽。
B.俗儿造了孽。
C.老蒋睡在窝棚上。 
D.他那窠巢还在。",A
151,if,Nature,陈忠实 白鹿原,这一切都是冥冥之中的神灵给他白嘉轩的精确绝妙的安排。再说，如果他像往常一样清早起来在后院的茅厕里撒尿，而不是一直把那泡尿憋到土岗上去撒，那麽他就只会留心脚下的跌滑而注定不敢东张西望了，自然也就不会发现几十步远的慢坡下融过雪的那一坨湿漉漉的土地了。,"A.他往常清早起来在后院的茅厕里撒尿。
B.他因为土岗太脏了，所以不去那里撒尿。
C.这一切都是冥冥之中的神灵给他白嘉轩的糟糕至极的安排。
D.他没有东张西望。",A
152,if,Nature,1952 人民日报,在今年三月，领导方面准备抽调干部时，个别领导干部认为鞍钢的生产很重要，鞍钢的领导骨干和技术人员本来就很缺乏，如果又要抽出大批干部，势必会妨碍生产。,"A.之前存在抽调干部的行为。
B.可能要抽走所有最精英的干部。
C.个别领导干部认为鞍钢的生产不重要。
D.鞍钢的领导骨干和技术人员本来就很充足。",A
153,if,Nature,马烽_西戎 吕梁英雄传,第一点我却不能接受，斗争康顺风的时候，群众情绪很激烈，如果会继续开下去，康顺风会被打死的，那不是破坏了我们的宽大政策吗？,"A.此前就在开会。
B.会已经开了一整天。
C.我们不实施宽大政策。
D.群众很平静。",A
154,if,Nature,刘慈欣 三体III,"当然,程心也明白,维德当时并不知道曲率驱动的尾迹效应,他研制光速飞船的目的,就像那个不知名的星环城战士所说,是在为自由而战,为成为字宙中的自由人而战,为了太阳系外那千万个美妙的世界而战。如果他知道光速飞船是人类唯一活路的话,她相信他是不会受到诺言限制的。","A.人类有活路。
B.光速飞船已经造出来了。
C.维德研制光速飞船的目的是在为利益而战。
D.维德当时知道曲率驱动的尾迹效应。",A
155,if,Nature,戴厚英 人啊人,当然，如果我的男友是一位高级干部，我们的事情或者可以当作“小节”来处理。可是他只是一个普通的大学生，对他来说，没有比这更大的“节”了。更重要的是他的父亲不愿意轻易放过自己的儿子，一定要让他终生记取这个教训。,"A.我有男友。
B.男友的父亲是校领导。
C.我的男友不是一个普通的大学生。
D.男友的父亲想放过自己的儿子。",A
156,if,AI,,孙女士所在团队的纪律很严格。如果孙女士承认她弄丢了会议文件，她需要主动向团队道歉并承担责任。,"A. 会议文件被弄丢了。
B. 孙女士故意弄丢了会议文件。
C. 孙女士所在团队的纪律很松散。
D. 孙女士的团队不需要会议文件。",A
157,if,AI,,小赵为人十分低调，从不夸耀自己的才能。如果她继续隐瞒自己会法语的事实，同事们永远不会发现她的语言天赋。,"A.小赵此前隐瞒了自己会法语的事实。
B.小赵的法语是自学的。
C.小赵经常夸耀自己的才能。
D.小赵为人十分高调。",A
158,if,AI,,陈先生所在的公司很人性化。如果陈先生停止隐瞒自己的健康状况，公司会理解他的请假需求。,"A.陈先生目前隐瞒了自己的健康状况。
B.陈先生得了癌症。
C.陈先生所在的公司很不人性化。
D.陈先生不需要请假。",A
159,if,AI,,涉案双方陷入僵持。如果杨女士仍然拒绝签署和解协议，案件将进入诉讼程序。,"A.杨女士此前拒绝签署和解协议。
B.杨女士因对赔偿金额不满意而拒绝签署协议。
C.涉案双方握手言和。
D.案件从未涉及和解协议。",A
160,if,AI,,小李和小周是大学同学。她们关系很好，常常一起学习。如果小李早点意识到大学毕业以后她们就会到不同的城市工作生活，他一定会好好珍惜这段时光。,"A.大学毕业以后小李和小周就会到不同的城市工作生活。
B.小李和小周都准备回自己的家乡工作。
C.小李和小周关系不好。
D.小李和小周从不一起学习。",A
161,if,AI,,张先生所在的公司最近在严查财务漏洞。如果张先生开始隐瞒公司财务漏洞，股东会很快察觉异常。,"A.张先生此前没有隐瞒财务漏洞。
B.张先生故意制造了财务漏洞。
C.张先生所在的公司最近没有在严查财务漏洞。
D.公司从未存在财务漏洞。",A
162,if,AI,,这件案件很难处理。如果李女士停止提出相关指控，调查组会重新评估证据，确保公正司法。,"A. 李女士此前提出指控。
B. 李女士的指控不合理。
C. 调查组不确保公正司法。
D. 这件案件很容易处理。",A
163,if,AI,,陈医生认真负责，关心患者。如果陈医生对未参与手术方案讨论感到遗憾，团队会重新安排会议。,"A. 之前对手术方案开展了讨论。
B. 手术方案存在严重错误。
C. 陈医生一点也不认真负责。
D. 陈医生不关心患者。",A
164,if,AI,,这次项目验收很严格，对不合格的产品都会退回重做。如果老周继续隐瞒设备老化问题，项目验收可能无法通过。,"A. 老周之前隐瞒设备老化问题。
B. 老周故意损坏了设备。
C. 这次项目验收不严格。
D. 不合格的产品不会退回重做。",A
165,if,AI,,小林是公司里的“大嘴巴”，什么秘密都守不住。如果小林的朋友告诉小林，小张和老板在谈办公室恋情，那么很快公司就会人尽皆知。,"A. 小林有朋友。
B. 这个公司不允许办公室恋情。
C. 小林善于保守秘密。
D. 小林嘴巴很严。",A
166,if,AI,,这次合作十分重要，容不得半点疏忽。如果小蒋暂停和大公司的合作，那么大公司会把项目给其他人。,"A. 小蒋之前和大公司有合作。
B. 小蒋与合作方合作非常不愉快。
C. 这次合作不重要。
D. 这次合作允许疏忽。",A
167,if,AI,,如果公司本着“坦白从宽”的原则，如果老李的同事承认收到投诉邮件，IT部门就不会强制核查其系统记录。,"A. 老李有同事。
B. 老李的同事因为态度恶劣被投诉。
C. 公司秉持“坦白从严”的原则。
D. IT部门无法查看系统记录。",A
168,if,AI,,最近经济形势不好，很多公司都在大规模裁员。如果杨总回避谈及公司的裁员计划，员工会更加摸不着头脑，乱加揣测。,"A. 公司有裁员计划。
B. 公司准备超大规模裁员。
C. 很多公司都在大规模招人。
D. 最近经济形势挺好。",A
169,if,AI,,团队合作最重要的就是沟通和交流，上下级之间也是如此。如果公司持续忽视员工反馈，团队士气会逐渐低落。,"A. 公司此前忽视了员工反馈。
B. 员工反馈多为无关建议。
C. 团队合作最无关紧要的就是沟通和交流。
D. 上下级之间不需要沟通交流。",A
170,if,AI,,如果小明的姐姐真的疼爱小明，就不会随意打骂小明。小明常常一个人躲在自己房间里，一言不发。,"A. 小明有姐姐。
B. 小明的姐姐很美丽。
C. 小明经常出去玩。
D. 小明很健谈。",A
171,if,AI,,如果母亲惦记孩子爱吃家里腌的火腿，她会定期寄一些去。母亲总是非常关心自己的孩子，对孩子的喜好了如指掌。,"A. 家里有腌的火腿。
B. 孩子在上海上大学。
C. 母亲对孩子的喜好一无所知。
D. 母亲不关心孩子。",A
172,if,AI,,公司组织了优秀员工的海外培训。如果小周羡慕同事的海外培训机会，她会申请下一批名额。,"A. 同事获得了海外培训资格。
B. 海外培训需要部分自费。
C. 公司组织了优秀员工的海内培训。
D. 海外培训的机会仅此一次。",A
173,if,AI,,失败是成功之母。如果团队深刻反省项目失败原因，投资者会给予二次机会。,"A. 项目失败了。
B. 团队对项目的失败负主要责任。
C. 失败是成功之子。
D. 投资者只会给团队一次机会。",A
174,if,AI,,产品的质量是最重要的，公司在此次质量排查中发现了问题。如果公司断绝与问题供应商的合作，生产线将寻找替代方案。,"A. 公司此前与问题供应商有合作。
B. 公司的所有产品都来自问题供应商。
C. 产品的质量是最不重要的。
D. 公司在此次质量排查中没有发现问题。",A
175,if,AI,,对小张来说，身体是最重要的，工作是第二位。如果因为工作耽误了固定的吃药的时间，这是得不偿失的。,"A. 小张有固定的吃药的时间。
B. 小张吃的是进口药。
C. 对小张来说，身体是最不重要的。
D. 小张认为工作是第一位。",A
176,if,AI,,目前产品的合格率较低。质量检测是产品的最后一道防线。如果工厂及时改正质检流程的漏洞，产品合格率会显著提升。,"A. 质检流程存在漏洞。
B. 质检流程的漏洞非常大。
C. 质量检测是产品的第一道防线。
D. 目前产品的合格率较高。",A
177,if,AI,,张老师不仅专业水平优秀，而且为人热情。如果校长公布张老师获得教学奖项的消息，学校会安排专题报道。,"A. 张老师获得了教学奖项。
B. 张老师参与的是市级教学比赛。
C. 张老师专业水平很差。
D. 张老师为人不热情。",A
178,if,AI,,年度审计是保障公司正常运行的重要环节。如果董事会暂停对分公司的审计，管理层会公开整改报告。,"A. 董事会在对分公司开展审计工作。
B. 对分公司的审计比对母公司的还要严格。
C. 年度审计不是保障公司正常运行的重要环节。
D. 分公司从未接受过审计。",A
179,if,AI,,我们要严格杜绝校园霸凌，保护未成年人身心健康。就算小夏原谅了小明和小林对她的霸凌行为，他们仍然会受到惩罚。,"A. 小夏遭到了同学们的霸凌。
B. 小夏因为成绩不好而被霸凌。
C. 我们不用严格杜绝校园霸凌。
D. 我们不用保护未成年人。",A
180,if,AI,,我的朋友乘高铁来找我玩，她准备住在我家。如果我家附近的那个景点开放，我们就去那里拍照打卡。,"A. 我家附近有个景点。
B. 我家附近的景点经常不开放。
C. 我的朋友准备住在酒店。
D. 我的朋友坐飞机来找我玩。",A
